Title,Description,VideoId,ViewCount,LikeCount,DislikeCount,CommentCount,ChannelTitle,ViewCCount,CommentCCount,SubscriberCount
Never Google These Things,Things You Should Never Google shorts factsmine google new latest knowledge viral trending facts,SwQi8RuUZUs,12931668,1087836,0,12094,Facts Mine,4905631925,0,8940000
Scary Teacher 3D vs Squid Game Wooden Door Water Sprayer 5 Times Challenge Miss T vs Granny Loser,Scary Teacher 3D vs Squid Game Wooden Door vs Water Sprayer 5 Times Challenge Nick and Tani vs Scary Neighbor Winning ,D3wqIT22D5s,50844586,227186,0,1613,Scary Teacher Family,1810159807,0,5640000
Very Special Trending Funny Comedy Video 2023Amazing Comedy Video 2023 Episode 231 busyfun,Hello Dear Viewers This is a funny videos channel We make funny videos in our village Because We are live in village,icN4rC9Sljg,12985872,29779,0,435,Busy Fun Ltd,8296032884,0,19600000
google G GUN,,KPs47uCo3zI,3760977,0,0,511,googleearth explorer,7298225,0,17200
How to Make Google and Youtube Logo with Orbeez Rainbow Big Coca Cola Soda vs Mentos Underground,HowtoMake GoogleLogo CocaCola,6a23NffhEKY,354531,1678,0,39,Toys King,2860284222,0,8650000
I Played Every Hidden Google Game,This was fun Become a Member httpswwwyoutubecomchannelUCWBWgCD4oAqT3hUeq40SCUwjoin Follow me here,yFaHgv9kUdE,4219342,58379,0,2759,Sambucha,8619658558,0,6360000
I Found The Most Disturbing Things on Google Maps,Today We will be finding and exploring creepy locations I could find on the Google Maps Most savage as well These places ,iYfWs8ShbiA,12269,1254,0,120,Crypto NWO,87075577,0,909000
Google Google  Thuppakki Movie Songs  Star  Vijay Kajal Aggarwal,Presenting the Google Google from Thuppakki Directed by AR Murugadoss Starring Vijay Kajal Aggarwal Produced by ,WdMxxHMjmAM,12236472,80537,0,1410,Gemini Audio,157740047,0,247000
GOOGLY  Blockbuster Hindi Dubbed Action Romantic Movie  Yash Movies Hindi Dubbed  South Movie,Presenting South Sauth Indian Movies Dubbed In Hindi Full HD Hindi Dubbed Full Movie South Movie Hindi Dubbed South ,IMCDispQSTI,70902215,698947,0,9708,ADWISE MEDIA ACTION MOVIEPLEX,1874696464,0,11000000
Inside Google39s Massive Headquarters,We all use its services every day it answers our most bizarre questions youre even watching this video using the companys ,Z-pT0XDYvDM,3087377,42326,0,1840,Tech Vision,176492551,0,821000
Googly     Kannada Full HD Movie  Kannada New Movies  Yash Kriti Kharbanda,Kannada New Movies  Kannada New Movies Full HD  Kannada Yash Movies  Kannada Latest Movies Stars Yash Kruthi ,icvr4vBDLMU,60252709,316768,0,10034,Sri Ganesh Videos,1528859565,0,3130000
Why quotGOOGLEquot Is Actually Misspelled  EXPLAINED,,maYYCw_vHcA,9455022,384296,0,3264,Zack D Films,6142497105,0,6180000
Mi Hermana Odia el Agua ,,Jd4iHUv1FRk,69519859,3361443,0,10122,Ami Rodriguez,3849600701,0,25100000
Google Sued For Being A Monopoly,,DH3aKv-0vko,555320,47564,0,1203,Omar Agamy,2388296511,0,1950000
      O Bou O Bou Kone GesoSinger Version Funny Song  Facebook TikTok Viral Song,      O Bou O Bou Kone GesoSinger Version Funny Song  Facebook TikTok Viral Song Song ,Z0jThVzF4FU,7158459,33231,0,493,Bangla Comedy HD Halim,14730257,0,48200
I Tried Making 800 in 4 Hours with Google Maps To See If It Works,In this video I am taking on a challenge from my team to make 800 as fast as possible preferably in 4 hours or less I chose ,A0xA5vyDgzA,2655727,49353,0,2529,SuperHumans Life,11770080,0,277000
FAA 100 EM APENAS 2 HORAS COM O GOOGLE MAPS Dinheiro online 2023,Para ganhar dinheiro na internet  necessrio um mtodo validado e o Google Maps  muito bom para fazer dinheiro por isso ,2z45Z7UizDY,719603,41463,0,1339,Hora de Negcios,47049153,0,1170000
I asked Google employees how much MONEY they make amp how to get HIRED,Best mock interview tool that Ive used to practice for Big Tech interviews and passed Give it a try ,t2eQFcpD3kk,343265,3934,0,338,Finance with Chi,374248,0,3080
 Google  Search   shorts,Thank you for watching our Video For Free Non Copyrighted Music httpsshareepidemicsoundcom13fhi9 Subscribe Us ,aNhlFBLExAU,1197048,99031,0,866,GADGETS ONE MALAYALAM TECH TIPS,162450261,0,1160000
FINAL DEL JUEGO DINOSAURIO  GOOGLE ,,5ObU8Ra7UbM,675482,58451,0,812,zMauroXD,16206960,0,233000
India  Google     Office     Anand Mahindra,India  Google     Office     Anand Mahindra GoogleOffice ,N4GOapsAckA,80970,2261,0,51,Bharat Tak,2724305950,0,6320000
How did you find this Cool Funny popular video on YouTube shorts by Anna Kova,,2tOcpQyM0Mo,14122059,215832,0,0,ANNA KOVA,17073461353,0,16500000
tudo que eu PESQUISAR o GOOGLE vai me dar,vou ganhar TUDO que eu PESQUISAR no MINECRAFT  Se curtiu o vdeo deixe o seu like  meu instagram ,Nqs0-p5w5pk,2054540,182545,0,4511,Marcelodrv,1614055730,0,6460000
EXPERT RV Industry Struggle Gets Worse Google Maps Gets AI and More,Visit httpslectricebikescom to order your ebike gift for the holidays This week an RV industry expert is sounding the alarm over ,gXyupfdt9BE,24738,2198,0,92,RV Miles,16446870,0,98600
SEGREDOS DO GOOGLE QUE VOC NO SABIA,Oi meus Naufragados e Naufragadas desse canaaaaaaaal Gosta deste tipo de contedo Curte esse video que voc me ajuda ,4SkZGlxdCLo,700377,58912,0,296,Vinicius da Ilha,1436956949,0,2110000
CREEPIEST THINGS FOUND ON GOOGLE MAPS 3  Checking if they are true ,Follow Rachitroo on Instagram   httpswwwinstagramcomrachitroo1  Facebook httpswwwfacebookcomrachitroo ,pjaH0A-9_3c,5771607,167121,0,1568,Rachitroo,1276825312,0,5910000
GOOGLE SECRETS YOU DIDNT KNOW ABOUT Shorts,,Rlb4mv1JY08,4021998,298983,0,2460,Davidjustinn Shorts,1876387954,0,1990000
Google Earth    3      top 3 mysterious thing found in Google Earthshorts,Google Earth   3     top 3 mysterious thing found in Google Earthshorts ,wNePl4JrVkg,5353107,479092,0,1100,Fact Trilogy,1200778180,0,3020000
Google   Tricks   Amazing Google Tricks You Didn39t Know  The Fact  shorts,,eb9ojIP9m1Q,8673881,665733,0,4979,The Fact,1821182999,0,4820000
Google Dit Nooit,Google Dit Nooit     Bedankt voor het kijken van deze video Abonneer voor meer videos  httpbitly1ou6dTu Social media ,AMyQMoY_h9s,1543912,98056,0,1614,Dutchtuber,705405409,0,1110000
Forget All Your Passwords This Is The New Google Feature,We Are Hiring APPLY HERE httpstechwisercomwearehiring Please leave a LIKE  and SUBSCRIBE For More Videos ,YiYsr0LC9Ec,1641996,106948,0,384,TechWiser,385734841,0,1850000
hello Google Hindi movie funny shortviralhorror youtubebhootviralhorror horror,,Q-w81EA2uZA,2315183,54921,0,40,flashback ground,7679268,0,34300
Prob Los 100 JUEGOS SECRETOS de GOOGLE ,El da de hoy vamos a probar 100 Juegos Secretos de Google desde el Juego del Dinosaurio de Google en Rtx hasta los ,MSNlblwDJbY,957645,47389,0,3203,ChuuyMine,649221917,0,7110000
Google Google  by MISAMO,MISAMO Google   Google    ,zeCQG6V2v2g,45326,5160,0,152,Google Japan,650149627,0,402000
NOVA BATALHA SIRI vs GOOGLE HOME QUEM GANHOU 10,LOJA DO CANAL  httpswwwloljacombrfelipeneto Mais uma batalha histrica Elas vo entrar no ringue e s uma pode ,QZu4Y6d5cLg,15501731,1021237,0,45317,Felipe Neto,17095203197,0,45800000
Vlad and Niki play with Toys and have fun with Mom  collection videos for kids,Vlad and Niki play with Toys and have fun with Mom  collection videos for kids Please Subscribe Download Vlad and Niki app ,JXxkYfT-ihY,283442155,1227554,0,0,Vlad and Niki,81607458548,0,105000000
Google Ma Gote Gopiyu Valida,Provided to YouTube by Phonographic Digital Limited India Google Ma Gote Gopiyu Valida  Mehulraj Algotar  Gaurang Pala ,P43LpXdzIUo,531404,3558,0,0,Mehulraj Algotar  Topic,2096744,0,7110
Google Bhi Sharma Gaya Chhori     Love SongManish Mastana Dharamveer Rbji,NewGurjarRasiya meenageet dehatidance Google Bhi Sharma Gaya Chhori     Love ,Axiy30omz3c,109629,1581,0,60,Dharamveer R B ji,2607805,0,12200
If Google Was A Guy Full Series,Support CollegeHumor by signing up for DROPOUT httpssignupdropouttv Tons of exclusive content adfree for only 5 a ,Cxqca4RQd_M,40492810,1194561,0,39569,Dropout,7242483953,0,14700000
GOOGLE GOOGLE RESINGER SONI KUMARI amp DAYA DEEWAN NEW THETH NAGPURI DJ SONG 2023,,SPZfnPO_P1U,45053,288,0,6, THETH SANGEET MUSIC ,487886,0,4290
ALEXA vs GOOGLE A BATALHA FINAL 10,LOJA DO CANAL  httpswwwloljacombrfelipeneto Agora  pra decidir Quem ser a melhor Alexa vs Google o confronto ,w5kjwMrCm0E,8428029,693743,0,18588,Felipe Neto,17095203197,0,45800000
Part 20  scary Place found on Google map amp Google Earth shorts,Part 20  scary Place found on Google map  Google Earth shorts,5YZTPpUxsoQ,470554,28151,0,91,Exploring Start Up,15574304,0,370000
How FAST is Google39s WiFi,shorts google I spend a LOT of time trying to make my videos as concise polished and useful as possible for you  if you would ,kPnpE_wAy9Y,12185441,914745,0,5397,Mrwhosetheboss,4574459852,0,16900000
Must Watch Very Special New Comedy Video  Amazing Funny Video 2023 Episode 204 By Busy Fun Ltd,Hello Dear Viewers This is a funny videos channel We make funny videos in our village Because We are live in village,seXbnAMreeA,85723804,228451,0,2483,Busy Fun Ltd,8296032884,0,19600000
Google Earth        Strangers Things Found On Google Earth  shorts,,OUb89bwQoJM,5339308,475059,0,449,The Fact,1821182999,0,4820000
Google  MINA ,MINA   Google   Google  ,ksXsm-VSRPo,30108,3294,0,125,Google Japan,650149627,0,402000
Kali Chodash Khava Aavi      Gaju ni Dhamal  Deshi Comedy ,Kali Chodash Khava Aavi      Gaju ni Dhamal  Deshi Comedy  Aartis Gajendrasinh Gohil ,UHYUh6QmGhY,139308,2728,0,37,Dosti digital,734538411,0,871000
GOOGLE KNOWS EVERYTHING I Googled Myself,Wassup Gamers Today I googled myself googling myself Follow Me On EVERYWHERE Not on streets please  Instagram ,KW3kqzUuRLQ,2502527,113386,0,3233,I M Bixu,394777187,0,2670000
GOO GOO GAGA PRETEND PLAY SHOPPING AT TARGET,Goo Goo Gaga and his mom pretend play shopping at Target He teach his mom to eat healthy by not choosing unhealthy snacks,F95wcsJAz0c,269166808,620514,0,0,Goo Goo Colors,3843438653,0,6370000
google google new nagpuridj song google google song,,RZyTViJp9Sc,667812,3604,0,71,Nagpuri Dj song Rustam lakra,759109,0,3540
